filename,split,class,source_handshape
IMG_1118.JPG,validation,Fist,0
IMG_1128.JPG,train,Fist,0
IMG_1138.JPG,train,Fist,0
IMG_1148.JPG,train,Fist,0
IMG_1158.JPG,train,Fist,0
IMG_1169.JPG,validation,Fist,0
IMG_1179.JPG,train,Fist,0
IMG_1189.JPG,train,Fist,0
IMG_1199.JPG,train,Fist,0
IMG_1209.JPG,train,Fist,0
IMG_1219.JPG,train,Fist,0
IMG_1229.JPG,train,Fist,0
IMG_1239.JPG,train,Fist,0
IMG_1249.JPG,train,Fist,0
IMG_1260.JPG,train,Fist,0
IMG_1270.JPG,validation,Fist,0
IMG_1280.JPG,train,Fist,0
IMG_1290.JPG,train,Fist,0
IMG_1301.JPG,train,Fist,0
IMG_1312.JPG,validation,Fist,0
IMG_1322.JPG,train,Fist,0
IMG_4040.JPG,train,Fist,0
IMG_4049.JPG,train,Fist,0
IMG_4059.JPG,train,Fist,0
IMG_4069.JPG,train,Fist,0
IMG_4079.JPG,train,Fist,0
IMG_4089.JPG,train,Fist,0
IMG_4099.JPG,train,Fist,0
IMG_4109.JPG,train,Fist,0
IMG_4119.JPG,train,Fist,0
IMG_4129.JPG,train,Fist,0
IMG_4139.JPG,validation,Fist,0
IMG_4149.JPG,train,Fist,0
IMG_4159.JPG,train,Fist,0
IMG_4170.JPG,train,Fist,0
IMG_4181.JPG,train,Fist,0
IMG_4193.JPG,train,Fist,0
IMG_4203.JPG,validation,Fist,0
IMG_4213.JPG,train,Fist,0
IMG_4223.JPG,train,Fist,0
IMG_4233.JPG,validation,Fist,0
IMG_4243.JPG,train,Fist,0
IMG_4254.JPG,train,Fist,0
IMG_4266.JPG,train,Fist,0
IMG_4276.JPG,train,Fist,0
IMG_4286.JPG,train,Fist,0
IMG_4296.JPG,validation,Fist,0
IMG_4306.JPG,train,Fist,0
IMG_4316.JPG,train,Fist,0
IMG_4327.JPG,train,Fist,0
IMG_4338.JPG,train,Fist,0
IMG_4348.JPG,validation,Fist,0
IMG_4359.JPG,train,Fist,0
IMG_4370.JPG,train,Fist,0
IMG_4381.JPG,validation,Fist,0
IMG_4391.JPG,train,Fist,0
IMG_4403.JPG,train,Fist,0
IMG_4413.JPG,train,Fist,0
IMG_4423.JPG,train,Fist,0
IMG_4435.JPG,train,Fist,0
IMG_4446.JPG,train,Fist,0
IMG_4456.JPG,validation,Fist,0
IMG_4466.JPG,train,Fist,0
IMG_4476.JPG,validation,Fist,0
IMG_4486.JPG,train,Fist,0
IMG_4496.JPG,train,Fist,0
IMG_4506.JPG,train,Fist,0
IMG_4533.JPG,validation,Fist,0
IMG_4543.JPG,validation,Fist,0
IMG_4554.JPG,validation,Fist,0
IMG_4564.JPG,train,Fist,0
IMG_4574.JPG,train,Fist,0
IMG_4584.JPG,train,Fist,0
IMG_4594.JPG,validation,Fist,0
IMG_4604.JPG,validation,Fist,0
IMG_4614.JPG,validation,Fist,0
IMG_4624.JPG,validation,Fist,0
IMG_4634.JPG,train,Fist,0
IMG_4644.JPG,validation,Fist,0
IMG_4674.JPG,train,Fist,0
IMG_4684.JPG,train,Fist,0
IMG_4694.JPG,train,Fist,0
IMG_4704.JPG,train,Fist,0
IMG_4715.JPG,train,Fist,0
IMG_4725.JPG,train,Fist,0
IMG_4735.JPG,train,Fist,0
IMG_4745.JPG,train,Fist,0
IMG_4755.JPG,train,Fist,0
IMG_4765.JPG,train,Fist,0
IMG_4776.JPG,train,Fist,0
IMG_4786.JPG,train,Fist,0
IMG_4796.JPG,train,Fist,0
IMG_4807.JPG,train,Fist,0
IMG_4826.JPG,train,Fist,0
IMG_4836.JPG,train,Fist,0
IMG_4846.JPG,train,Fist,0
IMG_4856.JPG,train,Fist,0
IMG_4866.JPG,train,Fist,0
IMG_4876.JPG,train,Fist,0
IMG_4886.JPG,train,Fist,0
IMG_4896.JPG,train,Fist,0
IMG_4906.JPG,train,Fist,0
IMG_4916.JPG,train,Fist,0
IMG_4926.JPG,train,Fist,0
IMG_4936.JPG,train,Fist,0
IMG_4946.JPG,train,Fist,0
IMG_4956.JPG,train,Fist,0
IMG_4966.JPG,train,Fist,0
IMG_4976.JPG,train,Fist,0
IMG_4986.JPG,train,Fist,0
IMG_4996.JPG,validation,Fist,0
IMG_5007.JPG,train,Fist,0
IMG_5017.JPG,train,Fist,0
IMG_5028.JPG,validation,Fist,0
IMG_5042.JPG,train,Fist,0
IMG_5053.JPG,train,Fist,0
IMG_5063.JPG,train,Fist,0
IMG_5074.JPG,train,Fist,0
IMG_5091.JPG,train,Fist,0
IMG_5101.JPG,train,Fist,0
IMG_5111.JPG,train,Fist,0
IMG_5122.JPG,train,Fist,0
IMG_5132.JPG,train,Fist,0
IMG_5142.JPG,train,Fist,0
IMG_5152.JPG,train,Fist,0
IMG_5163.JPG,train,Fist,0
IMG_5173.JPG,train,Fist,0
IMG_5183.JPG,train,Fist,0
IMG_5193.JPG,train,Fist,0
IMG_5203.JPG,train,Fist,0
IMG_5213.JPG,train,Fist,0
IMG_5223.JPG,train,Fist,0
IMG_5234.JPG,train,Fist,0
IMG_5244.JPG,train,Fist,0
IMG_5255.JPG,train,Fist,0
IMG_5266.JPG,train,Fist,0
IMG_5276.JPG,train,Fist,0
IMG_5286.JPG,train,Fist,0
IMG_5297.JPG,train,Fist,0
IMG_5308.JPG,train,Fist,0
IMG_5318.JPG,train,Fist,0
IMG_5328.JPG,train,Fist,0
IMG_5341.JPG,train,Fist,0
IMG_5350.JPG,train,Fist,0
IMG_5360.JPG,train,Fist,0
IMG_5370.JPG,train,Fist,0
IMG_5380.JPG,train,Fist,0
IMG_5390.JPG,train,Fist,0
IMG_5400.JPG,train,Fist,0
IMG_5412.JPG,train,Fist,0
IMG_5422.JPG,train,Fist,0
IMG_5446.JPG,train,Fist,0
IMG_5456.JPG,train,Fist,0
IMG_5466.JPG,train,Fist,0
IMG_5476.JPG,train,Fist,0
IMG_5486.JPG,train,Fist,0
IMG_5497.JPG,train,Fist,0
IMG_5507.JPG,train,Fist,0
IMG_5517.JPG,validation,Fist,0
IMG_5527.JPG,train,Fist,0
IMG_5537.JPG,train,Fist,0
IMG_5547.JPG,train,Fist,0
IMG_5562.JPG,train,Fist,0
IMG_5572.JPG,train,Fist,0
IMG_5582.JPG,train,Fist,0
IMG_5592.JPG,train,Fist,0
IMG_5603.JPG,train,Fist,0
IMG_5615.JPG,train,Fist,0
IMG_5625.JPG,train,Fist,0
IMG_5635.JPG,train,Fist,0
IMG_5645.JPG,train,Fist,0
IMG_5655.JPG,train,Fist,0
IMG_5665.JPG,train,Fist,0
IMG_5675.JPG,validation,Fist,0
IMG_5685.JPG,validation,Fist,0
IMG_5695.JPG,train,Fist,0
IMG_5705.JPG,validation,Fist,0
IMG_5716.JPG,validation,Fist,0
IMG_5726.JPG,train,Fist,0
IMG_5736.JPG,train,Fist,0
IMG_5746.JPG,train,Fist,0
IMG_5756.JPG,train,Fist,0
IMG_5766.JPG,train,Fist,0
IMG_5776.JPG,train,Fist,0
IMG_5786.JPG,train,Fist,0
IMG_5796.JPG,train,Fist,0
IMG_5806.JPG,train,Fist,0
IMG_5816.JPG,train,Fist,0
IMG_5826.JPG,train,Fist,0
IMG_5837.JPG,validation,Fist,0
IMG_5847.JPG,train,Fist,0
IMG_5857.JPG,train,Fist,0
IMG_5867.JPG,train,Fist,0
IMG_5877.JPG,train,Fist,0
IMG_5887.JPG,train,Fist,0
IMG_5897.JPG,train,Fist,0
IMG_5907.JPG,train,Fist,0
IMG_5918.JPG,validation,Fist,0
IMG_5928.JPG,train,Fist,0
IMG_5938.JPG,train,Fist,0
IMG_5950.JPG,train,Fist,0
IMG_5960.JPG,train,Fist,0
IMG_5971.JPG,train,Fist,0
IMG_5981.JPG,validation,Fist,0
IMG_5991.JPG,train,Fist,0
